Time,Node,Node State Changes,Idle Time,Resource Requests
1,Node_0,0,0,0
1,Node_1,0,0,0
1,Node_2,0,0,0
2,Node_0,0,0,0
2,Node_1,0,0,0
2,Node_2,0,0,0
3,Node_0,0,0,0
3,Node_1,0,0,0
3,Node_2,1,0,0
4,Node_0,1,0,0
4,Node_1,0,0,0
4,Node_2,1,0,0
5,Node_0,1,0,0
5,Node_1,0,0,0
5,Node_2,2,0,0
6,Node_0,1,0,0
6,Node_1,1,0,0
6,Node_2,2,0,0
7,Node_0,2,0,0
7,Node_1,1,0,0
7,Node_2,3,0,0
8,Node_0,2,0,0
8,Node_1,1,0,0
8,Node_2,3,0,0
9,Node_0,2,0,0
9,Node_1,1,0,0
9,Node_2,4,0,0
10,Node_0,3,0,0
10,Node_1,1,0,0
10,Node_2,4,0,0
11,Node_0,3,0,0
11,Node_1,2,0,0
11,Node_2,5,0,0
12,Node_0,3,0,0
12,Node_1,2,0,0
12,Node_2,5,0,0
13,Node_0,4,0,0
13,Node_1,2,0,0
13,Node_2,6,0,0
14,Node_0,4,0,0
14,Node_1,2,0,0
14,Node_2,6,0,0
15,Node_0,4,0,0
15,Node_1,2,0,0
15,Node_2,7,0,0
16,Node_0,5,0,0
16,Node_1,3,0,0
16,Node_2,7,0,0
17,Node_0,5,0,0
17,Node_1,3,0,0
17,Node_2,8,0,0
18,Node_0,5,0,0
18,Node_1,3,0,0
18,Node_2,8,0,0
19,Node_0,6,0,0
19,Node_1,3,0,0
19,Node_2,9,0,0
20,Node_0,6,0,0
20,Node_1,3,0,0
20,Node_2,9,0,0
21,Node_0,6,0,0
21,Node_1,4,0,0
21,Node_2,10,0,0
22,Node_0,7,0,0
22,Node_1,4,0,0
22,Node_2,10,0,0
23,Node_0,7,0,0
23,Node_1,4,0,0
23,Node_2,11,0,0
24,Node_0,7,0,0
24,Node_1,4,0,0
24,Node_2,11,0,0
25,Node_0,8,0,0
25,Node_1,4,0,0
25,Node_2,12,0,0
26,Node_0,8,0,0
26,Node_1,5,0,0
26,Node_2,12,0,0
27,Node_0,8,0,0
27,Node_1,5,0,0
27,Node_2,13,0,0
28,Node_0,9,0,0
28,Node_1,5,0,0
28,Node_2,13,0,0
29,Node_0,9,0,0
29,Node_1,5,0,0
29,Node_2,14,0,0
30,Node_0,9,0,0
30,Node_1,5,0,0
30,Node_2,14,0,0
31,Node_0,10,0,0
31,Node_1,6,0,0
31,Node_2,15,0,0
32,Node_0,10,0,0
32,Node_1,6,0,0
32,Node_2,15,0,0
33,Node_0,10,0,0
33,Node_1,6,0,0
33,Node_2,16,0,0
34,Node_0,11,0,0
34,Node_1,6,0,0
34,Node_2,16,0,0
35,Node_0,11,0,0
35,Node_1,6,0,0
35,Node_2,17,0,0
36,Node_0,11,0,0
36,Node_1,7,0,0
36,Node_2,17,0,0
37,Node_0,12,0,0
37,Node_1,7,0,0
37,Node_2,18,0,0
38,Node_0,12,0,0
38,Node_1,7,0,0
38,Node_2,18,0,0
39,Node_0,12,0,0
39,Node_1,7,0,0
39,Node_2,19,0,0
40,Node_0,13,0,0
40,Node_1,7,0,0
40,Node_2,19,0,0
41,Node_0,13,0,0
41,Node_1,8,0,0
41,Node_2,20,0,0
42,Node_0,13,0,0
42,Node_1,8,0,0
42,Node_2,20,0,0
43,Node_0,14,0,0
43,Node_1,8,0,0
43,Node_2,21,0,0
44,Node_0,14,0,0
44,Node_1,8,0,0
44,Node_2,21,0,0
45,Node_0,14,0,0
45,Node_1,8,0,0
45,Node_2,22,0,0
46,Node_0,15,0,0
46,Node_1,9,0,0
46,Node_2,22,0,0
47,Node_0,15,0,0
47,Node_1,9,0,0
47,Node_2,23,0,0
48,Node_0,15,0,0
48,Node_1,9,0,0
48,Node_2,23,0,0
49,Node_0,16,0,0
49,Node_1,9,0,0
49,Node_2,24,0,0
50,Node_0,16,0,0
50,Node_1,9,0,0
50,Node_2,24,0,0
51,Node_0,16,0,0
51,Node_1,10,0,0
51,Node_2,25,0,0
52,Node_0,17,0,0
52,Node_1,10,0,0
52,Node_2,25,0,0
53,Node_0,17,0,0
53,Node_1,10,0,0
53,Node_2,26,0,0
54,Node_0,17,0,0
54,Node_1,10,0,0
54,Node_2,26,0,0
55,Node_0,18,0,0
55,Node_1,10,0,0
55,Node_2,27,0,0
56,Node_0,18,0,0
56,Node_1,11,0,0
56,Node_2,27,0,0
57,Node_0,18,0,0
57,Node_1,11,0,0
57,Node_2,28,0,0
58,Node_0,19,0,0
58,Node_1,11,0,0
58,Node_2,28,0,0
59,Node_0,19,0,0
59,Node_1,11,0,0
59,Node_2,29,0,0
60,Node_0,19,0,0
60,Node_1,11,0,0
60,Node_2,29,0,0
61,Node_0,20,0,0
61,Node_1,12,0,0
61,Node_2,30,0,0
62,Node_0,20,0,0
62,Node_1,12,0,0
62,Node_2,30,0,0
63,Node_0,20,0,0
63,Node_1,12,0,0
63,Node_2,31,0,0
64,Node_0,21,0,0
64,Node_1,12,0,0
64,Node_2,31,0,0
65,Node_0,21,0,0
65,Node_1,12,0,0
65,Node_2,32,0,0
66,Node_0,21,0,0
66,Node_1,13,0,0
66,Node_2,32,0,0
67,Node_0,22,0,0
67,Node_1,13,0,0
67,Node_2,33,0,0
68,Node_0,22,0,0
68,Node_1,13,0,0
68,Node_2,33,0,0
69,Node_0,22,0,0
69,Node_1,13,0,0
69,Node_2,34,0,0
70,Node_0,23,0,0
70,Node_1,13,0,0
70,Node_2,34,0,0
71,Node_0,23,0,0
71,Node_1,14,0,0
71,Node_2,35,0,0
72,Node_0,23,0,0
72,Node_1,14,0,0
72,Node_2,35,0,0
73,Node_0,24,0,0
73,Node_1,14,0,0
73,Node_2,36,0,0
74,Node_0,24,0,0
74,Node_1,14,0,0
74,Node_2,36,0,0
75,Node_0,24,0,0
75,Node_1,14,0,0
75,Node_2,37,0,0
76,Node_0,25,0,0
76,Node_1,15,0,0
76,Node_2,37,0,0
77,Node_0,25,0,0
77,Node_1,15,0,0
77,Node_2,38,0,0
78,Node_0,25,0,0
78,Node_1,15,0,0
78,Node_2,38,0,0
79,Node_0,26,0,0
79,Node_1,15,0,0
79,Node_2,39,0,0
80,Node_0,26,0,0
80,Node_1,15,0,0
80,Node_2,39,0,0
81,Node_0,26,0,0
81,Node_1,16,0,0
81,Node_2,40,0,0
82,Node_0,27,0,0
82,Node_1,16,0,0
82,Node_2,40,0,0
83,Node_0,27,0,0
83,Node_1,16,0,0
83,Node_2,41,0,0
84,Node_0,27,0,0
84,Node_1,16,0,0
84,Node_2,41,0,0
85,Node_0,28,0,0
85,Node_1,16,0,0
85,Node_2,42,0,0
86,Node_0,28,0,0
86,Node_1,17,0,0
86,Node_2,42,0,0
87,Node_0,28,0,0
87,Node_1,17,0,0
87,Node_2,43,0,0
88,Node_0,29,0,0
88,Node_1,17,0,0
88,Node_2,43,0,0
89,Node_0,29,0,0
89,Node_1,17,0,0
89,Node_2,44,0,0
90,Node_0,29,0,0
90,Node_1,17,0,0
90,Node_2,44,0,0
91,Node_0,30,0,0
91,Node_1,18,0,0
91,Node_2,45,0,0
92,Node_0,30,0,0
92,Node_1,18,0,0
92,Node_2,45,0,0
93,Node_0,30,0,0
93,Node_1,18,0,0
93,Node_2,46,0,0
94,Node_0,31,0,0
94,Node_1,18,0,0
94,Node_2,46,0,0
95,Node_0,31,0,0
95,Node_1,18,0,0
95,Node_2,47,0,0
96,Node_0,31,0,0
96,Node_1,19,0,0
96,Node_2,47,0,0
97,Node_0,32,0,0
97,Node_1,19,0,0
97,Node_2,48,0,0
98,Node_0,32,0,0
98,Node_1,19,0,0
98,Node_2,48,0,0
99,Node_0,32,0,0
99,Node_1,19,0,0
99,Node_2,49,0,0
100,Node_0,33,0,0
100,Node_1,19,0,0
100,Node_2,49,0,0
101,Node_0,33,0,0
101,Node_1,20,0,0
101,Node_2,50,0,0
102,Node_0,33,0,0
102,Node_1,20,0,0
102,Node_2,50,0,0
103,Node_0,34,0,0
103,Node_1,20,0,0
103,Node_2,51,0,0
104,Node_0,34,0,0
104,Node_1,20,0,0
104,Node_2,51,0,0
105,Node_0,34,0,0
105,Node_1,20,0,0
105,Node_2,52,0,0
106,Node_0,35,0,0
106,Node_1,21,0,0
106,Node_2,52,0,0
107,Node_0,35,0,0
107,Node_1,21,0,0
107,Node_2,53,0,0
108,Node_0,35,0,0
108,Node_1,21,0,0
108,Node_2,53,0,0
109,Node_0,36,0,0
109,Node_1,21,0,0
109,Node_2,54,0,0
110,Node_0,36,0,0
110,Node_1,21,0,0
110,Node_2,54,0,0
111,Node_0,36,0,0
111,Node_1,22,0,0
111,Node_2,55,0,0
112,Node_0,37,0,0
112,Node_1,22,0,0
112,Node_2,55,0,0
113,Node_0,37,0,0
113,Node_1,22,0,0
113,Node_2,56,0,0
114,Node_0,37,0,0
114,Node_1,22,0,0
114,Node_2,56,0,0
115,Node_0,38,0,0
115,Node_1,22,0,0
115,Node_2,57,0,0
116,Node_0,38,0,0
116,Node_1,23,0,0
116,Node_2,57,0,0
117,Node_0,38,0,0
117,Node_1,23,0,0
117,Node_2,58,0,0
118,Node_0,39,0,0
118,Node_1,23,0,0
118,Node_2,58,0,0
119,Node_0,39,0,0
119,Node_1,23,0,0
119,Node_2,59,0,0
120,Node_0,39,0,0
120,Node_1,23,0,0
120,Node_2,59,0,0
121,Node_0,40,0,0
121,Node_1,24,0,0
121,Node_2,60,0,0
122,Node_0,40,0,0
122,Node_1,24,0,0
122,Node_2,60,0,0
123,Node_0,40,0,0
123,Node_1,24,0,0
123,Node_2,61,0,0
124,Node_0,41,0,0
124,Node_1,24,0,0
124,Node_2,61,0,0
125,Node_0,41,0,0
125,Node_1,24,0,0
125,Node_2,62,0,0
126,Node_0,41,0,0
126,Node_1,25,0,0
126,Node_2,62,0,0
127,Node_0,42,0,0
127,Node_1,25,0,0
127,Node_2,63,0,0
128,Node_0,42,0,0
128,Node_1,25,0,0
128,Node_2,63,0,0
129,Node_0,42,0,0
129,Node_1,25,0,0
129,Node_2,64,0,0
130,Node_0,43,0,0
130,Node_1,25,0,0
130,Node_2,64,0,0
131,Node_0,43,0,0
131,Node_1,26,0,0
131,Node_2,65,0,0
132,Node_0,43,0,0
132,Node_1,26,0,0
132,Node_2,65,0,0
133,Node_0,44,0,0
133,Node_1,26,0,0
133,Node_2,66,0,0
134,Node_0,44,0,0
134,Node_1,26,0,0
134,Node_2,66,0,0
135,Node_0,44,0,0
135,Node_1,26,0,0
135,Node_2,67,0,0
136,Node_0,45,0,0
136,Node_1,27,0,0
136,Node_2,67,0,0
137,Node_0,45,0,0
137,Node_1,27,0,0
137,Node_2,68,0,0
138,Node_0,45,0,0
138,Node_1,27,0,0
138,Node_2,68,0,0
139,Node_0,46,0,0
139,Node_1,27,0,0
139,Node_2,69,0,0
140,Node_0,46,0,0
140,Node_1,27,0,0
140,Node_2,69,0,0
141,Node_0,46,0,0
141,Node_1,28,0,0
141,Node_2,70,0,0
142,Node_0,47,0,0
142,Node_1,28,0,0
142,Node_2,70,0,0
143,Node_0,47,0,0
143,Node_1,28,0,0
143,Node_2,71,0,0
144,Node_0,47,0,0
144,Node_1,28,0,0
144,Node_2,71,0,0
145,Node_0,48,0,0
145,Node_1,28,0,0
145,Node_2,72,0,0
146,Node_0,48,0,0
146,Node_1,29,0,0
146,Node_2,72,0,0
147,Node_0,48,0,0
147,Node_1,29,0,0
147,Node_2,73,0,0
148,Node_0,49,0,0
148,Node_1,29,0,0
148,Node_2,73,0,0
149,Node_0,49,0,0
149,Node_1,29,0,0
149,Node_2,74,0,0
150,Node_0,49,0,0
150,Node_1,29,0,0
150,Node_2,74,0,0
151,Node_0,50,0,0
151,Node_1,30,0,0
151,Node_2,75,0,0
152,Node_0,50,0,0
152,Node_1,30,0,0
152,Node_2,75,0,0
153,Node_0,50,0,0
153,Node_1,30,0,0
153,Node_2,76,0,0
154,Node_0,51,0,0
154,Node_1,30,0,0
154,Node_2,76,0,0
155,Node_0,51,0,0
155,Node_1,30,0,0
155,Node_2,77,0,0
156,Node_0,51,0,0
156,Node_1,31,0,0
156,Node_2,77,0,0
157,Node_0,52,0,0
157,Node_1,31,0,0
157,Node_2,78,0,0
158,Node_0,52,0,0
158,Node_1,31,0,0
158,Node_2,78,0,0
159,Node_0,52,0,0
159,Node_1,31,0,0
159,Node_2,79,0,0
160,Node_0,53,0,0
160,Node_1,31,0,0
160,Node_2,79,0,0
161,Node_0,53,0,0
161,Node_1,32,0,0
161,Node_2,80,0,0
162,Node_0,53,0,0
162,Node_1,32,0,0
162,Node_2,80,0,0
163,Node_0,54,0,0
163,Node_1,32,0,0
163,Node_2,81,0,0
164,Node_0,54,0,0
164,Node_1,32,0,0
164,Node_2,81,0,0
165,Node_0,54,0,0
165,Node_1,32,0,0
165,Node_2,82,0,0
166,Node_0,55,0,0
166,Node_1,33,0,0
166,Node_2,82,0,0
167,Node_0,55,0,0
167,Node_1,33,0,0
167,Node_2,83,0,0
168,Node_0,55,0,0
168,Node_1,33,0,0
168,Node_2,83,0,0
169,Node_0,56,0,0
169,Node_1,33,0,0
169,Node_2,84,0,0
170,Node_0,56,0,0
170,Node_1,33,0,0
170,Node_2,84,0,0
171,Node_0,56,0,0
171,Node_1,34,0,0
171,Node_2,85,0,0
172,Node_0,57,0,0
172,Node_1,34,0,0
172,Node_2,85,0,0
173,Node_0,57,0,0
173,Node_1,34,0,0
173,Node_2,86,0,0
174,Node_0,57,0,0
174,Node_1,34,0,0
174,Node_2,86,0,0
175,Node_0,58,0,0
175,Node_1,34,0,0
175,Node_2,87,0,0
176,Node_0,58,0,0
176,Node_1,35,0,0
176,Node_2,87,0,0
177,Node_0,58,0,0
177,Node_1,35,0,0
177,Node_2,88,0,0
178,Node_0,59,0,0
178,Node_1,35,0,0
178,Node_2,88,0,0
179,Node_0,59,0,0
179,Node_1,35,0,0
179,Node_2,89,0,0
180,Node_0,59,0,0
180,Node_1,35,0,0
180,Node_2,89,0,0
181,Node_0,60,0,0
181,Node_1,36,0,0
181,Node_2,90,0,0
182,Node_0,60,0,0
182,Node_1,36,0,0
182,Node_2,90,0,0
183,Node_0,60,0,0
183,Node_1,36,0,0
183,Node_2,91,0,0
184,Node_0,61,0,0
184,Node_1,36,0,0
184,Node_2,91,0,0
185,Node_0,61,0,0
185,Node_1,36,0,0
185,Node_2,92,0,0
186,Node_0,61,0,0
186,Node_1,37,0,0
186,Node_2,92,0,0
187,Node_0,62,0,0
187,Node_1,37,0,0
187,Node_2,93,0,0
188,Node_0,62,0,0
188,Node_1,37,0,0
188,Node_2,93,0,0
189,Node_0,62,0,0
189,Node_1,37,0,0
189,Node_2,94,0,0
190,Node_0,63,0,0
190,Node_1,37,0,0
190,Node_2,94,0,0
191,Node_0,63,0,0
191,Node_1,38,0,0
191,Node_2,95,0,0
192,Node_0,63,0,0
192,Node_1,38,0,0
192,Node_2,95,0,0
193,Node_0,64,0,0
193,Node_1,38,0,0
193,Node_2,96,0,0
194,Node_0,64,0,0
194,Node_1,38,0,0
194,Node_2,96,0,0
195,Node_0,64,0,0
195,Node_1,38,0,0
195,Node_2,97,0,0
196,Node_0,65,0,0
196,Node_1,39,0,0
196,Node_2,97,0,0
197,Node_0,65,0,0
197,Node_1,39,0,0
197,Node_2,98,0,0
198,Node_0,65,0,0
198,Node_1,39,0,0
198,Node_2,98,0,0
199,Node_0,66,0,0
199,Node_1,39,0,0
199,Node_2,99,0,0
200,Node_0,66,0,0
200,Node_1,39,0,0
200,Node_2,99,0,0
201,Node_0,66,0,0
201,Node_1,40,0,0
201,Node_2,100,0,0
202,Node_0,67,0,0
202,Node_1,40,0,0
202,Node_2,100,0,0
203,Node_0,67,0,0
203,Node_1,40,0,0
203,Node_2,101,0,0
204,Node_0,67,0,0
204,Node_1,40,0,0
204,Node_2,101,0,0
205,Node_0,68,0,0
205,Node_1,40,0,0
205,Node_2,102,0,0
206,Node_0,68,0,0
206,Node_1,41,0,0
206,Node_2,102,0,0
207,Node_0,68,0,0
207,Node_1,41,0,0
207,Node_2,103,0,0
208,Node_0,69,0,0
208,Node_1,41,0,0
208,Node_2,103,0,0
209,Node_0,69,0,0
209,Node_1,41,0,0
209,Node_2,104,0,0
210,Node_0,69,0,0
210,Node_1,41,0,0
210,Node_2,104,0,0
211,Node_0,70,0,0
211,Node_1,42,0,0
211,Node_2,105,0,0
212,Node_0,70,0,0
212,Node_1,42,0,0
212,Node_2,105,0,0
213,Node_0,70,0,0
213,Node_1,42,0,0
213,Node_2,106,0,0
214,Node_0,71,0,0
214,Node_1,42,0,0
214,Node_2,106,0,0
215,Node_0,71,0,0
215,Node_1,42,0,0
215,Node_2,107,0,0
216,Node_0,71,0,0
216,Node_1,43,0,0
216,Node_2,107,0,0
217,Node_0,72,0,0
217,Node_1,43,0,0
217,Node_2,108,0,0
218,Node_0,72,0,0
218,Node_1,43,0,0
218,Node_2,108,0,0
219,Node_0,72,0,0
219,Node_1,43,0,0
219,Node_2,109,0,0
220,Node_0,73,0,0
220,Node_1,43,0,0
220,Node_2,109,0,0
221,Node_0,73,0,0
221,Node_1,44,0,0
221,Node_2,110,0,0
222,Node_0,73,0,0
222,Node_1,44,0,0
222,Node_2,110,0,0
223,Node_0,74,0,0
223,Node_1,44,0,0
223,Node_2,111,0,0
224,Node_0,74,0,0
224,Node_1,44,0,0
224,Node_2,111,0,0
225,Node_0,74,0,0
225,Node_1,44,0,0
225,Node_2,112,0,0
226,Node_0,75,0,0
226,Node_1,45,0,0
226,Node_2,112,0,0
227,Node_0,75,0,0
227,Node_1,45,0,0
227,Node_2,113,0,0
228,Node_0,75,0,0
228,Node_1,45,0,0
228,Node_2,113,0,0
229,Node_0,76,0,0
229,Node_1,45,0,0
229,Node_2,114,0,0
230,Node_0,76,0,0
230,Node_1,45,0,0
230,Node_2,114,0,0
231,Node_0,76,0,0
231,Node_1,46,0,0
231,Node_2,115,0,0
232,Node_0,77,0,0
232,Node_1,46,0,0
232,Node_2,115,0,0
233,Node_0,77,0,0
233,Node_1,46,0,0
233,Node_2,116,0,0
234,Node_0,77,0,0
234,Node_1,46,0,0
234,Node_2,116,0,0
235,Node_0,78,0,0
235,Node_1,46,0,0
235,Node_2,117,0,0
236,Node_0,78,0,0
236,Node_1,47,0,0
236,Node_2,117,0,0
237,Node_0,78,0,0
237,Node_1,47,0,0
237,Node_2,118,0,0
238,Node_0,79,0,0
238,Node_1,47,0,0
238,Node_2,118,0,0
239,Node_0,79,0,0
239,Node_1,47,0,0
239,Node_2,119,0,0
240,Node_0,79,0,0
240,Node_1,47,0,0
240,Node_2,119,0,0
241,Node_0,80,0,0
241,Node_1,48,0,0
241,Node_2,120,0,0
242,Node_0,80,0,0
242,Node_1,48,0,0
242,Node_2,120,0,0
243,Node_0,80,0,0
243,Node_1,48,0,0
243,Node_2,121,0,0
244,Node_0,81,0,0
244,Node_1,48,0,0
244,Node_2,121,0,0
245,Node_0,81,0,0
245,Node_1,48,0,0
245,Node_2,122,0,0
246,Node_0,81,0,0
246,Node_1,49,0,0
246,Node_2,122,0,0
247,Node_0,82,0,0
247,Node_1,49,0,0
247,Node_2,123,0,0
248,Node_0,82,0,0
248,Node_1,49,0,0
248,Node_2,123,0,0
249,Node_0,82,0,0
249,Node_1,49,0,0
249,Node_2,124,0,0
250,Node_0,83,0,0
250,Node_1,49,0,0
250,Node_2,124,0,0
251,Node_0,83,0,0
251,Node_1,50,0,0
251,Node_2,125,0,0
252,Node_0,83,0,0
252,Node_1,50,0,0
252,Node_2,125,0,0
253,Node_0,84,0,0
253,Node_1,50,0,0
253,Node_2,126,0,0
254,Node_0,84,0,0
254,Node_1,50,0,0
254,Node_2,126,0,0
255,Node_0,84,0,0
255,Node_1,50,0,0
255,Node_2,127,0,0
256,Node_0,85,0,0
256,Node_1,51,0,0
256,Node_2,127,0,0
257,Node_0,85,0,0
257,Node_1,51,0,0
257,Node_2,128,0,0
258,Node_0,85,0,0
258,Node_1,51,0,0
258,Node_2,128,0,0
259,Node_0,86,0,0
259,Node_1,51,0,0
259,Node_2,129,0,0
260,Node_0,86,0,0
260,Node_1,51,0,0
260,Node_2,129,0,0
261,Node_0,86,0,0
261,Node_1,52,0,0
261,Node_2,130,0,0
262,Node_0,87,0,0
262,Node_1,52,0,0
262,Node_2,130,0,0
263,Node_0,87,0,0
263,Node_1,52,0,0
263,Node_2,131,0,0
264,Node_0,87,0,0
264,Node_1,52,0,0
264,Node_2,131,0,0
265,Node_0,88,0,0
265,Node_1,52,0,0
265,Node_2,132,0,0
266,Node_0,88,0,0
266,Node_1,53,0,0
266,Node_2,132,0,0
267,Node_0,88,0,0
267,Node_1,53,0,0
267,Node_2,133,0,0
268,Node_0,89,0,0
268,Node_1,53,0,0
268,Node_2,133,0,0
269,Node_0,89,0,0
269,Node_1,53,0,0
269,Node_2,134,0,0
270,Node_0,89,0,0
270,Node_1,53,0,0
270,Node_2,134,0,0
271,Node_0,90,0,0
271,Node_1,54,0,0
271,Node_2,135,0,0
272,Node_0,90,0,0
272,Node_1,54,0,0
272,Node_2,135,0,0
273,Node_0,90,0,0
273,Node_1,54,0,0
273,Node_2,136,0,0
274,Node_0,91,0,0
274,Node_1,54,0,0
274,Node_2,136,0,0
275,Node_0,91,0,0
275,Node_1,54,0,0
275,Node_2,137,0,0
276,Node_0,91,0,0
276,Node_1,55,0,0
276,Node_2,137,0,0
277,Node_0,92,0,0
277,Node_1,55,0,0
277,Node_2,138,0,0
278,Node_0,92,0,0
278,Node_1,55,0,0
278,Node_2,138,0,0
279,Node_0,92,0,0
279,Node_1,55,0,0
279,Node_2,139,0,0
280,Node_0,93,0,0
280,Node_1,55,0,0
280,Node_2,139,0,0
281,Node_0,93,0,0
281,Node_1,56,0,0
281,Node_2,140,0,0
282,Node_0,93,0,0
282,Node_1,56,0,0
282,Node_2,140,0,0
283,Node_0,94,0,0
283,Node_1,56,0,0
283,Node_2,141,0,0
284,Node_0,94,0,0
284,Node_1,56,0,0
284,Node_2,141,0,0
285,Node_0,94,0,0
285,Node_1,56,0,0
285,Node_2,142,0,0
286,Node_0,95,0,0
286,Node_1,57,0,0
286,Node_2,142,0,0
287,Node_0,95,0,0
287,Node_1,57,0,0
287,Node_2,143,0,0
288,Node_0,95,0,0
288,Node_1,57,0,0
288,Node_2,143,0,0
289,Node_0,96,0,0
289,Node_1,57,0,0
289,Node_2,144,0,0
290,Node_0,96,0,0
290,Node_1,57,0,0
290,Node_2,144,0,0
291,Node_0,96,0,0
291,Node_1,58,0,0
291,Node_2,145,0,0
292,Node_0,97,0,0
292,Node_1,58,0,0
292,Node_2,145,0,0
293,Node_0,97,0,0
293,Node_1,58,0,0
293,Node_2,146,0,0
294,Node_0,97,0,0
294,Node_1,58,0,0
294,Node_2,146,0,0
295,Node_0,98,0,0
295,Node_1,58,0,0
295,Node_2,147,0,0
296,Node_0,98,0,0
296,Node_1,59,0,0
296,Node_2,147,0,0
297,Node_0,98,0,0
297,Node_1,59,0,0
297,Node_2,148,0,0
298,Node_0,99,0,0
298,Node_1,59,0,0
298,Node_2,148,0,0
299,Node_0,99,0,0
299,Node_1,59,0,0
299,Node_2,149,0,0
300,Node_0,99,0,0
300,Node_1,59,0,0
300,Node_2,149,0,0
301,Node_0,100,0,0
301,Node_1,60,0,0
301,Node_2,150,0,0
302,Node_0,100,0,0
302,Node_1,60,0,0
302,Node_2,150,0,0
303,Node_0,100,0,0
303,Node_1,60,0,0
303,Node_2,151,0,0
304,Node_0,101,0,0
304,Node_1,60,0,0
304,Node_2,151,0,0
305,Node_0,101,0,0
305,Node_1,60,0,0
305,Node_2,152,0,0
306,Node_0,101,0,0
306,Node_1,61,0,0
306,Node_2,152,0,0
307,Node_0,102,0,0
307,Node_1,61,0,0
307,Node_2,153,0,0
308,Node_0,102,0,0
308,Node_1,61,0,0
308,Node_2,153,0,0
309,Node_0,102,0,0
309,Node_1,61,0,0
309,Node_2,154,0,0
310,Node_0,103,0,0
310,Node_1,61,0,0
310,Node_2,154,0,0
311,Node_0,103,0,0
311,Node_1,62,0,0
311,Node_2,155,0,0
312,Node_0,103,0,0
312,Node_1,62,0,0
312,Node_2,155,0,0
313,Node_0,104,0,0
313,Node_1,62,0,0
313,Node_2,156,0,0
314,Node_0,104,0,0
314,Node_1,62,0,0
314,Node_2,156,0,0
315,Node_0,104,0,0
315,Node_1,62,0,0
315,Node_2,157,0,0
316,Node_0,105,0,0
316,Node_1,63,0,0
316,Node_2,157,0,0
317,Node_0,105,0,0
317,Node_1,63,0,0
317,Node_2,158,0,0
318,Node_0,105,0,0
318,Node_1,63,0,0
318,Node_2,158,0,0
319,Node_0,106,0,0
319,Node_1,63,0,0
319,Node_2,159,0,0
320,Node_0,106,0,0
320,Node_1,63,0,0
320,Node_2,159,0,0
321,Node_0,106,0,0
321,Node_1,64,0,0
321,Node_2,160,0,0
322,Node_0,107,0,0
322,Node_1,64,0,0
322,Node_2,160,0,0
323,Node_0,107,0,0
323,Node_1,64,0,0
323,Node_2,161,0,0
324,Node_0,107,0,0
324,Node_1,64,0,0
324,Node_2,161,0,0
325,Node_0,108,0,0
325,Node_1,64,0,0
325,Node_2,162,0,0
326,Node_0,108,0,0
326,Node_1,65,0,0
326,Node_2,162,0,0
327,Node_0,108,0,0
327,Node_1,65,0,0
327,Node_2,163,0,0
328,Node_0,109,0,0
328,Node_1,65,0,0
328,Node_2,163,0,0
329,Node_0,109,0,0
329,Node_1,65,0,0
329,Node_2,164,0,0
330,Node_0,109,0,0
330,Node_1,65,0,0
330,Node_2,164,0,0
331,Node_0,110,0,0
331,Node_1,66,0,0
331,Node_2,165,0,0
332,Node_0,110,0,0
332,Node_1,66,0,0
332,Node_2,165,0,0
333,Node_0,110,0,0
333,Node_1,66,0,0
333,Node_2,166,0,0
334,Node_0,111,0,0
334,Node_1,66,0,0
334,Node_2,166,0,0
335,Node_0,111,0,0
335,Node_1,66,0,0
335,Node_2,167,0,0
336,Node_0,111,0,0
336,Node_1,67,0,0
336,Node_2,167,0,0
337,Node_0,112,0,0
337,Node_1,67,0,0
337,Node_2,168,0,0
338,Node_0,112,0,0
338,Node_1,67,0,0
338,Node_2,168,0,0
339,Node_0,112,0,0
339,Node_1,67,0,0
339,Node_2,169,0,0
340,Node_0,113,0,0
340,Node_1,67,0,0
340,Node_2,169,0,0
341,Node_0,113,0,0
341,Node_1,68,0,0
341,Node_2,170,0,0
342,Node_0,113,0,0
342,Node_1,68,0,0
342,Node_2,170,0,0
343,Node_0,114,0,0
343,Node_1,68,0,0
343,Node_2,171,0,0
344,Node_0,114,0,0
344,Node_1,68,0,0
344,Node_2,171,0,0
345,Node_0,114,0,0
345,Node_1,68,0,0
345,Node_2,172,0,0
346,Node_0,115,0,0
346,Node_1,69,0,0
346,Node_2,172,0,0
347,Node_0,115,0,0
347,Node_1,69,0,0
347,Node_2,173,0,0
348,Node_0,115,0,0
348,Node_1,69,0,0
348,Node_2,173,0,0
349,Node_0,116,0,0
349,Node_1,69,0,0
349,Node_2,174,0,0
350,Node_0,116,0,0
350,Node_1,69,0,0
350,Node_2,174,0,0
351,Node_0,116,0,0
351,Node_1,70,0,0
351,Node_2,175,0,0
352,Node_0,117,0,0
352,Node_1,70,0,0
352,Node_2,175,0,0
353,Node_0,117,0,0
353,Node_1,70,0,0
353,Node_2,176,0,0
354,Node_0,117,0,0
354,Node_1,70,0,0
354,Node_2,176,0,0
355,Node_0,118,0,0
355,Node_1,70,0,0
355,Node_2,177,0,0
356,Node_0,118,0,0
356,Node_1,71,0,0
356,Node_2,177,0,0
357,Node_0,118,0,0
357,Node_1,71,0,0
357,Node_2,178,0,0
358,Node_0,119,0,0
358,Node_1,71,0,0
358,Node_2,178,0,0
359,Node_0,119,0,0
359,Node_1,71,0,0
359,Node_2,179,0,0
360,Node_0,119,0,0
360,Node_1,71,0,0
360,Node_2,179,0,0
361,Node_0,120,0,0
361,Node_1,72,0,0
361,Node_2,180,0,0
362,Node_0,120,0,0
362,Node_1,72,0,0
362,Node_2,180,0,0
363,Node_0,120,0,0
363,Node_1,72,0,0
363,Node_2,181,0,0
364,Node_0,121,0,0
364,Node_1,72,0,0
364,Node_2,181,0,0
365,Node_0,121,0,0
365,Node_1,72,0,0
365,Node_2,182,0,0
366,Node_0,121,0,0
366,Node_1,73,0,0
366,Node_2,182,0,0
367,Node_0,122,0,0
367,Node_1,73,0,0
367,Node_2,183,0,0
368,Node_0,122,0,0
368,Node_1,73,0,0
368,Node_2,183,0,0
369,Node_0,122,0,0
369,Node_1,73,0,0
369,Node_2,184,0,0
370,Node_0,123,0,0
370,Node_1,73,0,0
370,Node_2,184,0,0
371,Node_0,123,0,0
371,Node_1,74,0,0
371,Node_2,185,0,0
372,Node_0,123,0,0
372,Node_1,74,0,0
372,Node_2,185,0,0
373,Node_0,124,0,0
373,Node_1,74,0,0
373,Node_2,186,0,0
374,Node_0,124,0,0
374,Node_1,74,0,0
374,Node_2,186,0,0
375,Node_0,124,0,0
375,Node_1,74,0,0
375,Node_2,187,0,0
376,Node_0,125,0,0
376,Node_1,75,0,0
376,Node_2,187,0,0
377,Node_0,125,0,0
377,Node_1,75,0,0
377,Node_2,188,0,0
378,Node_0,125,0,0
378,Node_1,75,0,0
378,Node_2,188,0,0
379,Node_0,126,0,0
379,Node_1,75,0,0
379,Node_2,189,0,0
380,Node_0,126,0,0
380,Node_1,75,0,0
380,Node_2,189,0,0
381,Node_0,126,0,0
381,Node_1,76,0,0
381,Node_2,190,0,0
382,Node_0,127,0,0
382,Node_1,76,0,0
382,Node_2,190,0,0
383,Node_0,127,0,0
383,Node_1,76,0,0
383,Node_2,191,0,0
384,Node_0,127,0,0
384,Node_1,76,0,0
384,Node_2,191,0,0
385,Node_0,128,0,0
385,Node_1,76,0,0
385,Node_2,192,0,0
386,Node_0,128,0,0
386,Node_1,77,0,0
386,Node_2,192,0,0
387,Node_0,128,0,0
387,Node_1,77,0,0
387,Node_2,193,0,0
388,Node_0,129,0,0
388,Node_1,77,0,0
388,Node_2,193,0,0
389,Node_0,129,0,0
389,Node_1,77,0,0
389,Node_2,194,0,0
390,Node_0,129,0,0
390,Node_1,77,0,0
390,Node_2,194,0,0
391,Node_0,130,0,0
391,Node_1,78,0,0
391,Node_2,195,0,0
392,Node_0,130,0,0
392,Node_1,78,0,0
392,Node_2,195,0,0
393,Node_0,130,0,0
393,Node_1,78,0,0
393,Node_2,196,0,0
394,Node_0,131,0,0
394,Node_1,78,0,0
394,Node_2,196,0,0
395,Node_0,131,0,0
395,Node_1,78,0,0
395,Node_2,197,0,0
396,Node_0,131,0,0
396,Node_1,79,0,0
396,Node_2,197,0,0
397,Node_0,132,0,0
397,Node_1,79,0,0
397,Node_2,197,0,1
398,Node_0,132,0,0
398,Node_1,79,0,0
398,Node_2,197,0,1
399,Node_0,132,0,0
399,Node_1,79,0,0
399,Node_2,197,1,2
400,Node_0,133,0,0
400,Node_1,79,0,0
400,Node_2,197,1,2
401,Node_0,133,0,0
401,Node_1,80,0,0
401,Node_2,197,2,3
402,Node_0,133,0,0
402,Node_1,80,0,0
402,Node_2,197,2,3
403,Node_0,134,0,0
403,Node_1,80,0,0
403,Node_2,197,3,4
404,Node_0,134,0,0
404,Node_1,80,0,0
404,Node_2,197,3,4
405,Node_0,134,0,0
405,Node_1,80,0,0
405,Node_2,197,4,5
406,Node_0,135,0,0
406,Node_1,81,0,0
406,Node_2,197,4,5
407,Node_0,135,0,0
407,Node_1,81,0,0
407,Node_2,197,5,6
408,Node_0,135,0,0
408,Node_1,81,0,0
408,Node_2,197,5,6
409,Node_0,136,0,0
409,Node_1,81,0,0
409,Node_2,197,6,7
410,Node_0,136,0,0
410,Node_1,81,0,0
410,Node_2,197,6,7
411,Node_0,136,0,0
411,Node_1,82,0,0
411,Node_2,197,7,8
412,Node_0,137,0,0
412,Node_1,82,0,0
412,Node_2,197,7,8
413,Node_0,137,0,0
413,Node_1,82,0,0
413,Node_2,197,8,9
414,Node_0,137,0,0
414,Node_1,82,0,0
414,Node_2,197,8,9
415,Node_0,138,0,0
415,Node_1,82,0,0
415,Node_2,197,9,10
416,Node_0,138,0,0
416,Node_1,83,0,0
416,Node_2,197,9,10
417,Node_0,138,0,0
417,Node_1,83,0,0
417,Node_2,197,10,11
418,Node_0,139,0,0
418,Node_1,83,0,0
418,Node_2,197,10,11
419,Node_0,139,0,0
419,Node_1,83,0,0
419,Node_2,197,11,12
420,Node_0,139,0,0
420,Node_1,83,0,0
420,Node_2,197,11,12
421,Node_0,140,0,0
421,Node_1,84,0,0
421,Node_2,197,12,13
422,Node_0,140,0,0
422,Node_1,84,0,0
422,Node_2,197,12,13
423,Node_0,140,0,0
423,Node_1,84,0,0
423,Node_2,197,13,14
424,Node_0,141,0,0
424,Node_1,84,0,0
424,Node_2,197,13,14
425,Node_0,141,0,0
425,Node_1,84,0,0
425,Node_2,197,14,15
426,Node_0,141,0,0
426,Node_1,85,0,0
426,Node_2,197,14,15
427,Node_0,142,0,0
427,Node_1,85,0,0
427,Node_2,197,15,16
428,Node_0,142,0,0
428,Node_1,85,0,0
428,Node_2,197,15,16
429,Node_0,142,0,0
429,Node_1,85,0,0
429,Node_2,197,16,17
430,Node_0,143,0,0
430,Node_1,85,0,0
430,Node_2,197,16,17
431,Node_0,143,0,0
431,Node_1,86,0,0
431,Node_2,197,17,18
432,Node_0,143,0,0
432,Node_1,86,0,0
432,Node_2,197,17,18
433,Node_0,144,0,0
433,Node_1,86,0,0
433,Node_2,197,18,19
434,Node_0,144,0,0
434,Node_1,86,0,0
434,Node_2,197,18,19
435,Node_0,144,0,0
435,Node_1,86,0,0
435,Node_2,197,19,20
436,Node_0,145,0,0
436,Node_1,87,0,0
436,Node_2,197,19,20
437,Node_0,145,0,0
437,Node_1,87,0,0
437,Node_2,197,20,21
438,Node_0,145,0,0
438,Node_1,87,0,0
438,Node_2,197,20,21
439,Node_0,146,0,0
439,Node_1,87,0,0
439,Node_2,197,21,22
440,Node_0,146,0,0
440,Node_1,87,0,0
440,Node_2,197,21,22
441,Node_0,146,0,0
441,Node_1,88,0,0
441,Node_2,197,22,23
442,Node_0,147,0,0
442,Node_1,88,0,0
442,Node_2,197,22,23
443,Node_0,147,0,0
443,Node_1,88,0,0
443,Node_2,197,23,24
444,Node_0,147,0,0
444,Node_1,88,0,0
444,Node_2,197,23,24
445,Node_0,148,0,0
445,Node_1,88,0,0
445,Node_2,197,24,25
446,Node_0,148,0,0
446,Node_1,89,0,0
446,Node_2,197,24,25
447,Node_0,148,0,0
447,Node_1,89,0,0
447,Node_2,197,25,26
448,Node_0,149,0,0
448,Node_1,89,0,0
448,Node_2,197,25,26
449,Node_0,149,0,0
449,Node_1,89,0,0
449,Node_2,197,26,27
450,Node_0,149,0,0
450,Node_1,89,0,0
450,Node_2,197,26,27
451,Node_0,150,0,0
451,Node_1,90,0,0
451,Node_2,197,27,28
452,Node_0,150,0,0
452,Node_1,90,0,0
452,Node_2,197,27,28
453,Node_0,150,0,0
453,Node_1,90,0,0
453,Node_2,197,28,29
454,Node_0,151,0,0
454,Node_1,90,0,0
454,Node_2,197,28,29
455,Node_0,151,0,0
455,Node_1,90,0,0
455,Node_2,197,29,30
456,Node_0,151,0,0
456,Node_1,91,0,0
456,Node_2,197,29,30
457,Node_0,152,0,0
457,Node_1,91,0,0
457,Node_2,197,30,31
458,Node_0,152,0,0
458,Node_1,91,0,0
458,Node_2,197,30,31
459,Node_0,152,0,0
459,Node_1,91,0,0
459,Node_2,197,31,32
460,Node_0,153,0,0
460,Node_1,91,0,0
460,Node_2,197,31,32
461,Node_0,153,0,0
461,Node_1,92,0,0
461,Node_2,197,32,33
462,Node_0,153,0,0
462,Node_1,92,0,0
462,Node_2,197,32,33
463,Node_0,154,0,0
463,Node_1,92,0,0
463,Node_2,197,33,34
464,Node_0,154,0,0
464,Node_1,92,0,0
464,Node_2,197,33,34
465,Node_0,154,0,0
465,Node_1,92,0,0
465,Node_2,197,34,35
466,Node_0,155,0,1
466,Node_1,93,0,0
466,Node_2,197,34,35
467,Node_0,155,0,1
467,Node_1,93,0,0
467,Node_2,197,35,36
468,Node_0,155,0,1
468,Node_1,93,0,0
468,Node_2,197,35,36
469,Node_0,155,0,1
469,Node_1,93,0,0
469,Node_2,198,36,36
470,Node_0,155,0,1
470,Node_1,93,0,0
470,Node_2,198,36,36
471,Node_0,155,0,1
471,Node_1,94,0,0
471,Node_2,199,0,0
472,Node_0,155,1,2
472,Node_1,94,0,0
472,Node_2,199,0,0
473,Node_0,155,1,2
473,Node_1,94,0,0
473,Node_2,199,0,1
474,Node_0,155,1,2
474,Node_1,94,0,0
474,Node_2,199,0,1
475,Node_0,155,2,3
475,Node_1,94,0,0
475,Node_2,199,1,2
476,Node_0,155,2,3
476,Node_1,95,0,0
476,Node_2,199,1,2
477,Node_0,155,2,3
477,Node_1,95,0,0
477,Node_2,199,2,3
478,Node_0,155,3,4
478,Node_1,95,0,0
478,Node_2,199,2,3
479,Node_0,155,3,4
479,Node_1,95,0,0
479,Node_2,199,3,4
480,Node_0,155,3,4
480,Node_1,95,0,0
480,Node_2,199,3,4
481,Node_0,155,4,5
481,Node_1,96,0,0
481,Node_2,199,4,5
482,Node_0,155,4,5
482,Node_1,96,0,0
482,Node_2,199,4,5
483,Node_0,155,4,5
483,Node_1,96,0,0
483,Node_2,199,5,6
484,Node_0,155,5,6
484,Node_1,96,0,0
484,Node_2,199,5,6
485,Node_0,155,5,6
485,Node_1,96,0,0
485,Node_2,199,6,7
486,Node_0,155,5,6
486,Node_1,97,0,0
486,Node_2,199,6,7
487,Node_0,155,6,7
487,Node_1,97,0,0
487,Node_2,199,7,8
488,Node_0,155,6,7
488,Node_1,97,0,0
488,Node_2,199,7,8
489,Node_0,155,6,7
489,Node_1,97,0,0
489,Node_2,199,8,9
490,Node_0,155,7,8
490,Node_1,97,0,0
490,Node_2,199,8,9
491,Node_0,155,7,8
491,Node_1,98,0,0
491,Node_2,199,9,10
492,Node_0,155,7,8
492,Node_1,98,0,0
492,Node_2,199,9,10
493,Node_0,155,8,9
493,Node_1,98,0,0
493,Node_2,199,10,11
494,Node_0,155,8,9
494,Node_1,98,0,0
494,Node_2,199,10,11
495,Node_0,155,8,9
495,Node_1,98,0,0
495,Node_2,199,11,12
496,Node_0,155,9,10
496,Node_1,99,0,0
496,Node_2,199,11,12
497,Node_0,155,9,10
497,Node_1,99,0,0
497,Node_2,199,12,13
498,Node_0,155,9,10
498,Node_1,99,0,0
498,Node_2,199,12,13
499,Node_0,155,10,11
499,Node_1,99,0,0
499,Node_2,199,13,14
500,Node_0,155,10,11
500,Node_1,99,0,0
500,Node_2,199,13,14
501,Node_0,155,10,11
501,Node_1,100,0,0
501,Node_2,199,14,15
502,Node_0,155,11,12
502,Node_1,100,0,0
502,Node_2,199,14,15
503,Node_0,155,11,12
503,Node_1,100,0,0
503,Node_2,199,15,16
504,Node_0,155,11,12
504,Node_1,100,0,0
504,Node_2,199,15,16
505,Node_0,155,12,13
505,Node_1,100,0,0
505,Node_2,199,16,17
506,Node_0,155,12,13
506,Node_1,101,0,0
506,Node_2,199,16,17
507,Node_0,155,12,13
507,Node_1,101,0,0
507,Node_2,199,17,18
508,Node_0,155,13,14
508,Node_1,101,0,0
508,Node_2,199,17,18
509,Node_0,155,13,14
509,Node_1,101,0,0
509,Node_2,199,18,19
510,Node_0,155,13,14
510,Node_1,101,0,0
510,Node_2,199,18,19
511,Node_0,155,14,15
511,Node_1,102,0,0
511,Node_2,199,19,20
512,Node_0,155,14,15
512,Node_1,102,0,0
512,Node_2,199,19,20
513,Node_0,155,14,15
513,Node_1,102,0,0
513,Node_2,199,20,21
514,Node_0,155,15,16
514,Node_1,102,0,0
514,Node_2,199,20,21
515,Node_0,155,15,16
515,Node_1,102,0,0
515,Node_2,199,21,22
516,Node_0,155,15,16
516,Node_1,103,0,0
516,Node_2,199,21,22
517,Node_0,155,16,17
517,Node_1,103,0,0
517,Node_2,199,22,23
518,Node_0,155,16,17
518,Node_1,103,0,0
518,Node_2,199,22,23
519,Node_0,155,16,17
519,Node_1,103,0,0
519,Node_2,199,23,24
520,Node_0,155,17,18
520,Node_1,103,0,0
520,Node_2,199,23,24
521,Node_0,155,17,18
521,Node_1,104,0,0
521,Node_2,199,24,25
522,Node_0,155,17,18
522,Node_1,104,0,0
522,Node_2,199,24,25
523,Node_0,155,18,19
523,Node_1,104,0,0
523,Node_2,199,25,26
524,Node_0,155,18,19
524,Node_1,104,0,0
524,Node_2,199,25,26
525,Node_0,155,18,19
525,Node_1,104,0,0
525,Node_2,199,26,27
526,Node_0,155,19,20
526,Node_1,105,0,0
526,Node_2,199,26,27
527,Node_0,155,19,20
527,Node_1,105,0,0
527,Node_2,199,27,28
528,Node_0,155,19,20
528,Node_1,105,0,0
528,Node_2,199,27,28
529,Node_0,156,20,20
529,Node_1,105,0,0
529,Node_2,199,28,29
530,Node_0,156,20,20
530,Node_1,105,0,0
530,Node_2,199,28,29
531,Node_0,156,20,20
531,Node_1,106,0,0
531,Node_2,199,29,30
532,Node_0,156,0,1
532,Node_1,106,0,0
532,Node_2,199,29,30
533,Node_0,156,0,1
533,Node_1,106,0,0
533,Node_2,199,30,31
534,Node_0,156,0,1
534,Node_1,106,0,0
534,Node_2,199,30,31
535,Node_0,156,1,2
535,Node_1,106,0,0
535,Node_2,199,31,32
536,Node_0,156,1,2
536,Node_1,107,0,0
536,Node_2,199,31,32
537,Node_0,156,1,2
537,Node_1,107,0,0
537,Node_2,199,32,33
538,Node_0,156,2,3
538,Node_1,107,0,0
538,Node_2,199,32,33
539,Node_0,156,2,3
539,Node_1,107,0,0
539,Node_2,199,33,34
540,Node_0,156,2,3
540,Node_1,107,0,0
540,Node_2,199,33,34
541,Node_0,156,3,4
541,Node_1,108,0,0
541,Node_2,199,34,35
542,Node_0,156,3,4
542,Node_1,108,0,0
542,Node_2,199,34,35
543,Node_0,156,3,4
543,Node_1,108,0,0
543,Node_2,199,35,36
544,Node_0,156,4,5
544,Node_1,108,0,0
544,Node_2,199,35,36
545,Node_0,156,4,5
545,Node_1,108,0,0
545,Node_2,199,36,37
546,Node_0,156,4,5
546,Node_1,109,0,0
546,Node_2,199,36,37
547,Node_0,156,5,6
547,Node_1,109,0,0
547,Node_2,199,37,38
548,Node_0,156,5,6
548,Node_1,109,0,0
548,Node_2,199,37,38
549,Node_0,156,5,6
549,Node_1,109,0,0
549,Node_2,199,38,39
550,Node_0,157,6,6
550,Node_1,109,0,0
550,Node_2,199,38,39
551,Node_0,157,6,6
551,Node_1,110,0,0
551,Node_2,199,39,40
552,Node_0,157,6,6
552,Node_1,110,0,0
552,Node_2,199,39,40
553,Node_0,157,0,1
553,Node_1,110,0,0
553,Node_2,199,40,41
554,Node_0,157,0,1
554,Node_1,110,0,0
554,Node_2,199,40,41
555,Node_0,157,0,1
555,Node_1,110,0,0
555,Node_2,199,41,42
556,Node_0,157,1,2
556,Node_1,111,0,0
556,Node_2,199,41,42
557,Node_0,157,1,2
557,Node_1,111,0,0
557,Node_2,199,42,43
558,Node_0,157,1,2
558,Node_1,111,0,0
558,Node_2,199,42,43
559,Node_0,157,2,3
559,Node_1,111,0,0
559,Node_2,199,43,44
560,Node_0,157,2,3
560,Node_1,111,0,0
560,Node_2,199,43,44
561,Node_0,157,2,3
561,Node_1,112,0,0
561,Node_2,199,44,45
562,Node_0,157,3,4
562,Node_1,112,0,0
562,Node_2,199,44,45
563,Node_0,157,3,4
563,Node_1,112,0,0
563,Node_2,199,45,46
564,Node_0,157,3,4
564,Node_1,112,0,0
564,Node_2,199,45,46
565,Node_0,157,4,5
565,Node_1,112,0,0
565,Node_2,199,46,47
566,Node_0,157,4,5
566,Node_1,113,0,0
566,Node_2,199,46,47
567,Node_0,157,4,5
567,Node_1,113,0,0
567,Node_2,199,47,48
568,Node_0,157,5,6
568,Node_1,113,0,0
568,Node_2,199,47,48
569,Node_0,157,5,6
569,Node_1,113,0,0
569,Node_2,199,48,49
570,Node_0,157,5,6
570,Node_1,113,0,0
570,Node_2,199,48,49
571,Node_0,157,6,7
571,Node_1,114,0,0
571,Node_2,199,49,50
572,Node_0,157,6,7
572,Node_1,114,0,0
572,Node_2,199,49,50
573,Node_0,157,6,7
573,Node_1,114,0,0
573,Node_2,199,50,51
574,Node_0,157,7,8
574,Node_1,114,0,0
574,Node_2,199,50,51
575,Node_0,157,7,8
575,Node_1,114,0,0
575,Node_2,199,51,52
576,Node_0,157,7,8
576,Node_1,115,0,0
576,Node_2,199,51,52
577,Node_0,157,8,9
577,Node_1,115,0,0
577,Node_2,199,52,53
578,Node_0,157,8,9
578,Node_1,115,0,0
578,Node_2,199,52,53
579,Node_0,157,8,9
579,Node_1,115,0,0
579,Node_2,199,53,54
580,Node_0,157,9,10
580,Node_1,115,0,0
580,Node_2,199,53,54
581,Node_0,157,9,10
581,Node_1,116,0,0
581,Node_2,199,54,55
582,Node_0,157,9,10
582,Node_1,116,0,0
582,Node_2,199,54,55
583,Node_0,157,10,11
583,Node_1,116,0,0
583,Node_2,199,55,56
584,Node_0,157,10,11
584,Node_1,116,0,0
584,Node_2,199,55,56
585,Node_0,157,10,11
585,Node_1,116,0,0
585,Node_2,199,56,57
586,Node_0,157,11,12
586,Node_1,117,0,0
586,Node_2,199,56,57
587,Node_0,157,11,12
587,Node_1,117,0,0
587,Node_2,199,57,58
588,Node_0,157,11,12
588,Node_1,117,0,0
588,Node_2,199,57,58
589,Node_0,157,12,13
589,Node_1,117,0,0
589,Node_2,199,58,59
590,Node_0,157,12,13
590,Node_1,117,0,0
590,Node_2,199,58,59
591,Node_0,157,12,13
591,Node_1,118,0,0
591,Node_2,199,59,60
592,Node_0,157,13,14
592,Node_1,118,0,0
592,Node_2,199,59,60
593,Node_0,157,13,14
593,Node_1,118,0,0
593,Node_2,199,60,61
594,Node_0,157,13,14
594,Node_1,118,0,0
594,Node_2,199,60,61
595,Node_0,157,14,15
595,Node_1,118,0,0
595,Node_2,199,61,62
596,Node_0,157,14,15
596,Node_1,119,0,0
596,Node_2,199,61,62
597,Node_0,157,14,15
597,Node_1,119,0,0
597,Node_2,199,62,63
598,Node_0,157,15,16
598,Node_1,119,0,0
598,Node_2,199,62,63
599,Node_0,157,15,16
599,Node_1,119,0,0
599,Node_2,199,63,64
600,Node_0,157,15,16
600,Node_1,119,0,0
600,Node_2,199,63,64
601,Node_0,157,16,17
601,Node_1,120,0,0
601,Node_2,199,64,65
602,Node_0,157,16,17
602,Node_1,120,0,0
602,Node_2,199,64,65
603,Node_0,157,16,17
603,Node_1,120,0,0
603,Node_2,199,65,66
604,Node_0,157,17,18
604,Node_1,120,0,0
604,Node_2,199,65,66
605,Node_0,157,17,18
605,Node_1,120,0,0
605,Node_2,199,66,67
606,Node_0,157,17,18
606,Node_1,121,0,0
606,Node_2,199,66,67
607,Node_0,157,18,19
607,Node_1,121,0,0
607,Node_2,199,67,68
608,Node_0,157,18,19
608,Node_1,121,0,0
608,Node_2,199,67,68
609,Node_0,157,18,19
609,Node_1,121,0,0
609,Node_2,199,68,69
610,Node_0,157,19,20
610,Node_1,121,0,0
610,Node_2,199,68,69
611,Node_0,157,19,20
611,Node_1,122,0,0
611,Node_2,199,69,70
612,Node_0,157,19,20
612,Node_1,122,0,0
612,Node_2,199,69,70
613,Node_0,157,20,21
613,Node_1,122,0,0
613,Node_2,199,70,71
614,Node_0,157,20,21
614,Node_1,122,0,0
614,Node_2,199,70,71
615,Node_0,157,20,21
615,Node_1,122,0,0
615,Node_2,199,71,72
616,Node_0,157,21,22
616,Node_1,123,0,0
616,Node_2,199,71,72
617,Node_0,157,21,22
617,Node_1,123,0,0
617,Node_2,199,72,73
618,Node_0,157,21,22
618,Node_1,123,0,0
618,Node_2,199,72,73
619,Node_0,157,22,23
619,Node_1,123,0,0
619,Node_2,199,73,74
620,Node_0,157,22,23
620,Node_1,123,0,0
620,Node_2,199,73,74
621,Node_0,157,22,23
621,Node_1,124,0,0
621,Node_2,199,74,75
622,Node_0,157,23,24
622,Node_1,124,0,0
622,Node_2,199,74,75
623,Node_0,157,23,24
623,Node_1,124,0,0
623,Node_2,199,75,76
624,Node_0,157,23,24
624,Node_1,124,0,0
624,Node_2,199,75,76
625,Node_0,157,24,25
625,Node_1,124,0,0
625,Node_2,199,76,77
626,Node_0,157,24,25
626,Node_1,125,0,0
626,Node_2,199,76,77
627,Node_0,157,24,25
627,Node_1,125,0,0
627,Node_2,199,77,78
628,Node_0,157,25,26
628,Node_1,125,0,0
628,Node_2,199,77,78
629,Node_0,157,25,26
629,Node_1,125,0,0
629,Node_2,199,78,79
630,Node_0,157,25,26
630,Node_1,125,0,0
630,Node_2,199,78,79
631,Node_0,157,26,27
631,Node_1,126,0,0
631,Node_2,199,79,80
632,Node_0,157,26,27
632,Node_1,126,0,0
632,Node_2,199,79,80
633,Node_0,157,26,27
633,Node_1,126,0,0
633,Node_2,199,80,81
634,Node_0,157,27,28
634,Node_1,126,0,0
634,Node_2,199,80,81
635,Node_0,157,27,28
635,Node_1,126,0,0
635,Node_2,199,81,82
636,Node_0,157,27,28
636,Node_1,127,0,0
636,Node_2,199,81,82
637,Node_0,157,28,29
637,Node_1,127,0,0
637,Node_2,199,82,83
638,Node_0,157,28,29
638,Node_1,127,0,0
638,Node_2,199,82,83
639,Node_0,157,28,29
639,Node_1,127,0,0
639,Node_2,199,83,84
640,Node_0,157,29,30
640,Node_1,127,0,0
640,Node_2,199,83,84
641,Node_0,157,29,30
641,Node_1,128,0,0
641,Node_2,199,84,85
642,Node_0,157,29,30
642,Node_1,128,0,0
642,Node_2,199,84,85
643,Node_0,157,30,31
643,Node_1,128,0,0
643,Node_2,199,85,86
644,Node_0,157,30,31
644,Node_1,128,0,0
644,Node_2,199,85,86
645,Node_0,157,30,31
645,Node_1,128,0,0
645,Node_2,199,86,87
646,Node_0,157,31,32
646,Node_1,129,0,0
646,Node_2,199,86,87
647,Node_0,157,31,32
647,Node_1,129,0,0
647,Node_2,199,87,88
648,Node_0,157,31,32
648,Node_1,129,0,0
648,Node_2,199,87,88
649,Node_0,157,32,33
649,Node_1,129,0,0
649,Node_2,199,88,89
650,Node_0,157,32,33
650,Node_1,129,0,0
650,Node_2,199,88,89
651,Node_0,157,32,33
651,Node_1,130,0,0
651,Node_2,199,89,90
652,Node_0,157,33,34
652,Node_1,130,0,0
652,Node_2,199,89,90
653,Node_0,157,33,34
653,Node_1,130,0,0
653,Node_2,199,90,91
654,Node_0,157,33,34
654,Node_1,130,0,0
654,Node_2,199,90,91
655,Node_0,157,34,35
655,Node_1,130,0,0
655,Node_2,199,91,92
656,Node_0,157,34,35
656,Node_1,131,0,0
656,Node_2,199,91,92
657,Node_0,157,34,35
657,Node_1,131,0,0
657,Node_2,199,92,93
658,Node_0,157,35,36
658,Node_1,131,0,0
658,Node_2,199,92,93
659,Node_0,157,35,36
659,Node_1,131,0,0
659,Node_2,199,93,94
660,Node_0,157,35,36
660,Node_1,131,0,0
660,Node_2,199,93,94
661,Node_0,157,36,37
661,Node_1,132,0,0
661,Node_2,199,94,95
662,Node_0,157,36,37
662,Node_1,132,0,0
662,Node_2,199,94,95
663,Node_0,157,36,37
663,Node_1,132,0,0
663,Node_2,199,95,96
664,Node_0,157,37,38
664,Node_1,132,0,0
664,Node_2,199,95,96
665,Node_0,157,37,38
665,Node_1,132,0,0
665,Node_2,199,96,97
666,Node_0,157,37,38
666,Node_1,133,0,0
666,Node_2,199,96,97
667,Node_0,157,38,39
667,Node_1,133,0,0
667,Node_2,199,97,98
668,Node_0,157,38,39
668,Node_1,133,0,0
668,Node_2,199,97,98
669,Node_0,157,38,39
669,Node_1,133,0,0
669,Node_2,199,98,99
670,Node_0,157,39,40
670,Node_1,133,0,0
670,Node_2,199,98,99
671,Node_0,157,39,40
671,Node_1,134,0,0
671,Node_2,199,99,100
672,Node_0,157,39,40
672,Node_1,134,0,0
672,Node_2,199,99,100
673,Node_0,157,40,41
673,Node_1,134,0,0
673,Node_2,199,100,101
674,Node_0,157,40,41
674,Node_1,134,0,0
674,Node_2,199,100,101
675,Node_0,157,40,41
675,Node_1,134,0,0
675,Node_2,199,101,102
676,Node_0,157,41,42
676,Node_1,135,0,0
676,Node_2,199,101,102
677,Node_0,157,41,42
677,Node_1,135,0,0
677,Node_2,199,102,103
678,Node_0,157,41,42
678,Node_1,135,0,0
678,Node_2,199,102,103
679,Node_0,157,42,43
679,Node_1,135,0,0
679,Node_2,199,103,104
680,Node_0,157,42,43
680,Node_1,135,0,0
680,Node_2,199,103,104
681,Node_0,157,42,43
681,Node_1,136,0,0
681,Node_2,199,104,105
682,Node_0,157,43,44
682,Node_1,136,0,0
682,Node_2,199,104,105
683,Node_0,157,43,44
683,Node_1,136,0,0
683,Node_2,199,105,106
684,Node_0,157,43,44
684,Node_1,136,0,0
684,Node_2,199,105,106
685,Node_0,157,44,45
685,Node_1,136,0,0
685,Node_2,199,106,107
686,Node_0,157,44,45
686,Node_1,137,0,0
686,Node_2,199,106,107
687,Node_0,157,44,45
687,Node_1,137,0,0
687,Node_2,199,107,108
688,Node_0,157,45,46
688,Node_1,137,0,0
688,Node_2,199,107,108
689,Node_0,157,45,46
689,Node_1,137,0,0
689,Node_2,199,108,109
690,Node_0,157,45,46
690,Node_1,137,0,0
690,Node_2,199,108,109
691,Node_0,157,46,47
691,Node_1,138,0,0
691,Node_2,199,109,110
692,Node_0,157,46,47
692,Node_1,138,0,0
692,Node_2,199,109,110
693,Node_0,157,46,47
693,Node_1,138,0,0
693,Node_2,199,110,111
694,Node_0,157,47,48
694,Node_1,138,0,0
694,Node_2,199,110,111
695,Node_0,157,47,48
695,Node_1,138,0,0
695,Node_2,199,111,112
696,Node_0,157,47,48
696,Node_1,139,0,0
696,Node_2,199,111,112
697,Node_0,157,48,49
697,Node_1,139,0,0
697,Node_2,199,112,113
698,Node_0,157,48,49
698,Node_1,139,0,0
698,Node_2,199,112,113
699,Node_0,157,48,49
699,Node_1,139,0,0
699,Node_2,199,113,114
700,Node_0,157,49,50
700,Node_1,139,0,0
700,Node_2,199,113,114
701,Node_0,157,49,50
701,Node_1,140,0,0
701,Node_2,199,114,115
702,Node_0,157,49,50
702,Node_1,140,0,0
702,Node_2,199,114,115
703,Node_0,157,50,51
703,Node_1,140,0,0
703,Node_2,199,115,116
704,Node_0,157,50,51
704,Node_1,140,0,0
704,Node_2,199,115,116
705,Node_0,157,50,51
705,Node_1,140,0,0
705,Node_2,199,116,117
706,Node_0,157,51,52
706,Node_1,140,0,1
706,Node_2,199,116,117
707,Node_0,157,51,52
707,Node_1,140,0,1
707,Node_2,199,117,118
708,Node_0,157,51,52
708,Node_1,140,0,1
708,Node_2,199,117,118
709,Node_0,157,52,53
709,Node_1,140,0,1
709,Node_2,199,118,119
710,Node_0,157,52,53
710,Node_1,140,0,1
710,Node_2,199,118,119
711,Node_0,157,52,53
711,Node_1,140,1,2
711,Node_2,199,119,120
712,Node_0,157,53,54
712,Node_1,140,1,2
712,Node_2,199,119,120
713,Node_0,157,53,54
713,Node_1,140,1,2
713,Node_2,199,120,121
714,Node_0,157,53,54
714,Node_1,140,1,2
714,Node_2,199,120,121
715,Node_0,157,54,55
715,Node_1,140,1,2
715,Node_2,199,121,122
716,Node_0,157,54,55
716,Node_1,140,2,3
716,Node_2,199,121,122
717,Node_0,157,54,55
717,Node_1,140,2,3
717,Node_2,199,122,123
718,Node_0,157,55,56
718,Node_1,140,2,3
718,Node_2,199,122,123
719,Node_0,157,55,56
719,Node_1,140,2,3
719,Node_2,199,123,124
720,Node_0,157,55,56
720,Node_1,140,2,3
720,Node_2,199,123,124
721,Node_0,157,56,57
721,Node_1,140,3,4
721,Node_2,199,124,125
722,Node_0,157,56,57
722,Node_1,140,3,4
722,Node_2,199,124,125
723,Node_0,157,56,57
723,Node_1,140,3,4
723,Node_2,199,125,126
724,Node_0,157,57,58
724,Node_1,140,3,4
724,Node_2,199,125,126
725,Node_0,157,57,58
725,Node_1,140,3,4
725,Node_2,199,126,127
726,Node_0,157,57,58
726,Node_1,140,4,5
726,Node_2,199,126,127
727,Node_0,157,58,59
727,Node_1,140,4,5
727,Node_2,199,127,128
728,Node_0,157,58,59
728,Node_1,140,4,5
728,Node_2,199,127,128
729,Node_0,157,58,59
729,Node_1,140,4,5
729,Node_2,199,128,129
730,Node_0,157,59,60
730,Node_1,140,4,5
730,Node_2,199,128,129
731,Node_0,157,59,60
731,Node_1,140,5,6
731,Node_2,199,129,130
732,Node_0,157,59,60
732,Node_1,140,5,6
732,Node_2,199,129,130
733,Node_0,157,60,61
733,Node_1,140,5,6
733,Node_2,199,130,131
734,Node_0,157,60,61
734,Node_1,140,5,6
734,Node_2,199,130,131
735,Node_0,157,60,61
735,Node_1,140,5,6
735,Node_2,199,131,132
736,Node_0,157,61,62
736,Node_1,140,6,7
736,Node_2,199,131,132
737,Node_0,157,61,62
737,Node_1,140,6,7
737,Node_2,199,132,133
738,Node_0,157,61,62
738,Node_1,140,6,7
738,Node_2,199,132,133
739,Node_0,157,62,63
739,Node_1,140,6,7
739,Node_2,199,133,134
740,Node_0,157,62,63
740,Node_1,140,6,7
740,Node_2,199,133,134
741,Node_0,157,62,63
741,Node_1,140,7,8
741,Node_2,199,134,135
742,Node_0,157,63,64
742,Node_1,140,7,8
742,Node_2,199,134,135
743,Node_0,157,63,64
743,Node_1,140,7,8
743,Node_2,199,135,136
744,Node_0,157,63,64
744,Node_1,140,7,8
744,Node_2,199,135,136
745,Node_0,157,64,65
745,Node_1,140,7,8
745,Node_2,199,136,137
746,Node_0,157,64,65
746,Node_1,140,8,9
746,Node_2,199,136,137
747,Node_0,157,64,65
747,Node_1,140,8,9
747,Node_2,199,137,138
748,Node_0,157,65,66
748,Node_1,140,8,9
748,Node_2,199,137,138
749,Node_0,157,65,66
749,Node_1,140,8,9
749,Node_2,199,138,139
750,Node_0,157,65,66
750,Node_1,140,8,9
750,Node_2,199,138,139
751,Node_0,157,66,67
751,Node_1,140,9,10
751,Node_2,199,139,140
752,Node_0,157,66,67
752,Node_1,140,9,10
752,Node_2,199,139,140
753,Node_0,157,66,67
753,Node_1,140,9,10
753,Node_2,199,140,141
754,Node_0,157,67,68
754,Node_1,140,9,10
754,Node_2,199,140,141
755,Node_0,157,67,68
755,Node_1,140,9,10
755,Node_2,199,141,142
756,Node_0,157,67,68
756,Node_1,140,10,11
756,Node_2,199,141,142
757,Node_0,157,68,69
757,Node_1,140,10,11
757,Node_2,199,142,143
758,Node_0,157,68,69
758,Node_1,140,10,11
758,Node_2,199,142,143
759,Node_0,157,68,69
759,Node_1,140,10,11
759,Node_2,199,143,144
760,Node_0,157,69,70
760,Node_1,140,10,11
760,Node_2,199,143,144
761,Node_0,157,69,70
761,Node_1,140,11,12
761,Node_2,199,144,145
762,Node_0,157,69,70
762,Node_1,140,11,12
762,Node_2,199,144,145
763,Node_0,157,70,71
763,Node_1,140,11,12
763,Node_2,199,145,146
764,Node_0,157,70,71
764,Node_1,140,11,12
764,Node_2,199,145,146
765,Node_0,157,70,71
765,Node_1,140,11,12
765,Node_2,199,146,147
766,Node_0,157,71,72
766,Node_1,140,12,13
766,Node_2,199,146,147
767,Node_0,157,71,72
767,Node_1,140,12,13
767,Node_2,199,147,148
768,Node_0,157,71,72
768,Node_1,140,12,13
768,Node_2,199,147,148
769,Node_0,157,72,73
769,Node_1,140,12,13
769,Node_2,199,148,149
770,Node_0,157,72,73
770,Node_1,140,12,13
770,Node_2,199,148,149
771,Node_0,157,72,73
771,Node_1,140,13,14
771,Node_2,199,149,150
772,Node_0,157,73,74
772,Node_1,140,13,14
772,Node_2,199,149,150
773,Node_0,157,73,74
773,Node_1,140,13,14
773,Node_2,199,150,151
774,Node_0,157,73,74
774,Node_1,140,13,14
774,Node_2,199,150,151
775,Node_0,157,74,75
775,Node_1,140,13,14
775,Node_2,199,151,152
776,Node_0,157,74,75
776,Node_1,140,14,15
776,Node_2,199,151,152
777,Node_0,157,74,75
777,Node_1,140,14,15
777,Node_2,199,152,153
778,Node_0,157,75,76
778,Node_1,140,14,15
778,Node_2,199,152,153
779,Node_0,157,75,76
779,Node_1,140,14,15
779,Node_2,199,153,154
780,Node_0,157,75,76
780,Node_1,140,14,15
780,Node_2,199,153,154
781,Node_0,157,76,77
781,Node_1,140,15,16
781,Node_2,199,154,155
782,Node_0,157,76,77
782,Node_1,140,15,16
782,Node_2,199,154,155
783,Node_0,157,76,77
783,Node_1,140,15,16
783,Node_2,199,155,156
784,Node_0,157,77,78
784,Node_1,140,15,16
784,Node_2,199,155,156
785,Node_0,157,77,78
785,Node_1,140,15,16
785,Node_2,199,156,157
786,Node_0,157,77,78
786,Node_1,140,16,17
786,Node_2,199,156,157
787,Node_0,157,78,79
787,Node_1,140,16,17
787,Node_2,199,157,158
788,Node_0,157,78,79
788,Node_1,140,16,17
788,Node_2,199,157,158
789,Node_0,157,78,79
789,Node_1,140,16,17
789,Node_2,199,158,159
790,Node_0,157,79,80
790,Node_1,140,16,17
790,Node_2,199,158,159
791,Node_0,157,79,80
791,Node_1,140,17,18
791,Node_2,199,159,160
792,Node_0,157,79,80
792,Node_1,140,17,18
792,Node_2,199,159,160
793,Node_0,157,80,81
793,Node_1,140,17,18
793,Node_2,199,160,161
794,Node_0,157,80,81
794,Node_1,140,17,18
794,Node_2,199,160,161
795,Node_0,157,80,81
795,Node_1,140,17,18
795,Node_2,199,161,162
796,Node_0,157,81,82
796,Node_1,140,18,19
796,Node_2,199,161,162
797,Node_0,157,81,82
797,Node_1,140,18,19
797,Node_2,199,162,163
798,Node_0,157,81,82
798,Node_1,140,18,19
798,Node_2,199,162,163
799,Node_0,157,82,83
799,Node_1,140,18,19
799,Node_2,199,163,164
800,Node_0,157,82,83
800,Node_1,140,18,19
800,Node_2,199,163,164
801,Node_0,157,82,83
801,Node_1,140,19,20
801,Node_2,199,164,165
802,Node_0,157,83,84
802,Node_1,140,19,20
802,Node_2,199,164,165
803,Node_0,157,83,84
803,Node_1,140,19,20
803,Node_2,199,165,166
804,Node_0,157,83,84
804,Node_1,140,19,20
804,Node_2,199,165,166
805,Node_0,157,84,85
805,Node_1,140,19,20
805,Node_2,199,166,167
806,Node_0,157,84,85
806,Node_1,140,20,21
806,Node_2,199,166,167
807,Node_0,157,84,85
807,Node_1,140,20,21
807,Node_2,199,167,168
808,Node_0,157,85,86
808,Node_1,140,20,21
808,Node_2,199,167,168
809,Node_0,157,85,86
809,Node_1,140,20,21
809,Node_2,199,168,169
810,Node_0,157,85,86
810,Node_1,140,20,21
810,Node_2,199,168,169
811,Node_0,157,86,87
811,Node_1,140,21,22
811,Node_2,199,169,170
812,Node_0,157,86,87
812,Node_1,140,21,22
812,Node_2,199,169,170
813,Node_0,157,86,87
813,Node_1,140,21,22
813,Node_2,199,170,171
814,Node_0,157,87,88
814,Node_1,140,21,22
814,Node_2,199,170,171
815,Node_0,157,87,88
815,Node_1,140,21,22
815,Node_2,199,171,172
816,Node_0,157,87,88
816,Node_1,140,22,23
816,Node_2,199,171,172
817,Node_0,157,88,89
817,Node_1,140,22,23
817,Node_2,199,172,173
818,Node_0,157,88,89
818,Node_1,140,22,23
818,Node_2,199,172,173
819,Node_0,157,88,89
819,Node_1,140,22,23
819,Node_2,199,173,174
820,Node_0,157,89,90
820,Node_1,140,22,23
820,Node_2,199,173,174
821,Node_0,157,89,90
821,Node_1,140,23,24
821,Node_2,199,174,175
822,Node_0,157,89,90
822,Node_1,140,23,24
822,Node_2,199,174,175
823,Node_0,157,90,91
823,Node_1,140,23,24
823,Node_2,199,175,176
824,Node_0,157,90,91
824,Node_1,140,23,24
824,Node_2,199,175,176
825,Node_0,157,90,91
825,Node_1,140,23,24
825,Node_2,199,176,177
826,Node_0,157,91,92
826,Node_1,140,24,25
826,Node_2,199,176,177
827,Node_0,157,91,92
827,Node_1,140,24,25
827,Node_2,199,177,178
828,Node_0,157,91,92
828,Node_1,140,24,25
828,Node_2,199,177,178
829,Node_0,157,92,93
829,Node_1,140,24,25
829,Node_2,199,178,179
830,Node_0,157,92,93
830,Node_1,140,24,25
830,Node_2,199,178,179
831,Node_0,157,92,93
831,Node_1,140,25,26
831,Node_2,199,179,180
832,Node_0,157,93,94
832,Node_1,140,25,26
832,Node_2,199,179,180
833,Node_0,157,93,94
833,Node_1,140,25,26
833,Node_2,199,180,181
834,Node_0,157,93,94
834,Node_1,140,25,26
834,Node_2,199,180,181
835,Node_0,157,94,95
835,Node_1,140,25,26
835,Node_2,199,181,182
836,Node_0,157,94,95
836,Node_1,140,26,27
836,Node_2,199,181,182
837,Node_0,157,94,95
837,Node_1,140,26,27
837,Node_2,199,182,183
838,Node_0,157,95,96
838,Node_1,140,26,27
838,Node_2,199,182,183
839,Node_0,157,95,96
839,Node_1,140,26,27
839,Node_2,199,183,184
840,Node_0,157,95,96
840,Node_1,140,26,27
840,Node_2,199,183,184
841,Node_0,157,96,97
841,Node_1,140,27,28
841,Node_2,199,184,185
842,Node_0,157,96,97
842,Node_1,140,27,28
842,Node_2,199,184,185
843,Node_0,157,96,97
843,Node_1,140,27,28
843,Node_2,199,185,186
844,Node_0,157,97,98
844,Node_1,140,27,28
844,Node_2,199,185,186
845,Node_0,157,97,98
845,Node_1,140,27,28
845,Node_2,199,186,187
846,Node_0,157,97,98
846,Node_1,140,28,29
846,Node_2,199,186,187
847,Node_0,157,98,99
847,Node_1,140,28,29
847,Node_2,199,187,188
848,Node_0,157,98,99
848,Node_1,140,28,29
848,Node_2,199,187,188
849,Node_0,157,98,99
849,Node_1,140,28,29
849,Node_2,199,188,189
850,Node_0,157,99,100
850,Node_1,140,28,29
850,Node_2,199,188,189
851,Node_0,157,99,100
851,Node_1,140,29,30
851,Node_2,199,189,190
852,Node_0,157,99,100
852,Node_1,140,29,30
852,Node_2,199,189,190
853,Node_0,157,100,101
853,Node_1,140,29,30
853,Node_2,199,190,191
854,Node_0,157,100,101
854,Node_1,140,29,30
854,Node_2,199,190,191
855,Node_0,157,100,101
855,Node_1,140,29,30
855,Node_2,199,191,192
856,Node_0,157,101,102
856,Node_1,140,30,31
856,Node_2,199,191,192
857,Node_0,157,101,102
857,Node_1,140,30,31
857,Node_2,199,192,193
858,Node_0,157,101,102
858,Node_1,140,30,31
858,Node_2,199,192,193
859,Node_0,157,102,103
859,Node_1,140,30,31
859,Node_2,199,193,194
860,Node_0,157,102,103
860,Node_1,140,30,31
860,Node_2,199,193,194
861,Node_0,157,102,103
861,Node_1,140,31,32
861,Node_2,199,194,195
862,Node_0,157,103,104
862,Node_1,140,31,32
862,Node_2,199,194,195
863,Node_0,157,103,104
863,Node_1,140,31,32
863,Node_2,199,195,196
864,Node_0,157,103,104
864,Node_1,140,31,32
864,Node_2,199,195,196
865,Node_0,157,104,105
865,Node_1,140,31,32
865,Node_2,199,196,197
866,Node_0,157,104,105
866,Node_1,140,32,33
866,Node_2,199,196,197
867,Node_0,157,104,105
867,Node_1,140,32,33
867,Node_2,199,197,198
868,Node_0,157,105,106
868,Node_1,140,32,33
868,Node_2,199,197,198
869,Node_0,157,105,106
869,Node_1,140,32,33
869,Node_2,199,198,199
870,Node_0,157,105,106
870,Node_1,140,32,33
870,Node_2,199,198,199
871,Node_0,157,106,107
871,Node_1,140,33,34
871,Node_2,199,199,200
872,Node_0,157,106,107
872,Node_1,140,33,34
872,Node_2,199,199,200
873,Node_0,157,106,107
873,Node_1,140,33,34
873,Node_2,199,200,201
874,Node_0,157,107,108
874,Node_1,140,33,34
874,Node_2,199,200,201
875,Node_0,157,107,108
875,Node_1,140,33,34
875,Node_2,199,201,202
876,Node_0,157,107,108
876,Node_1,140,34,35
876,Node_2,199,201,202
877,Node_0,157,108,109
877,Node_1,140,34,35
877,Node_2,199,202,203
878,Node_0,157,108,109
878,Node_1,140,34,35
878,Node_2,199,202,203
879,Node_0,157,108,109
879,Node_1,140,34,35
879,Node_2,199,203,204
880,Node_0,157,109,110
880,Node_1,140,34,35
880,Node_2,199,203,204
881,Node_0,157,109,110
881,Node_1,140,35,36
881,Node_2,199,204,205
882,Node_0,157,109,110
882,Node_1,140,35,36
882,Node_2,199,204,205
883,Node_0,157,110,111
883,Node_1,140,35,36
883,Node_2,199,205,206
884,Node_0,157,110,111
884,Node_1,140,35,36
884,Node_2,199,205,206
885,Node_0,157,110,111
885,Node_1,140,35,36
885,Node_2,199,206,207
886,Node_0,157,111,112
886,Node_1,140,36,37
886,Node_2,199,206,207
887,Node_0,157,111,112
887,Node_1,140,36,37
887,Node_2,199,207,208
888,Node_0,157,111,112
888,Node_1,140,36,37
888,Node_2,199,207,208
889,Node_0,157,112,113
889,Node_1,140,36,37
889,Node_2,199,208,209
890,Node_0,157,112,113
890,Node_1,140,36,37
890,Node_2,199,208,209
891,Node_0,157,112,113
891,Node_1,140,37,38
891,Node_2,199,209,210
892,Node_0,157,113,114
892,Node_1,140,37,38
892,Node_2,199,209,210
893,Node_0,157,113,114
893,Node_1,140,37,38
893,Node_2,199,210,211
894,Node_0,157,113,114
894,Node_1,140,37,38
894,Node_2,199,210,211
895,Node_0,157,114,115
895,Node_1,140,37,38
895,Node_2,199,211,212
896,Node_0,157,114,115
896,Node_1,140,38,39
896,Node_2,199,211,212
897,Node_0,157,114,115
897,Node_1,140,38,39
897,Node_2,199,212,213
898,Node_0,157,115,116
898,Node_1,140,38,39
898,Node_2,199,212,213
899,Node_0,157,115,116
899,Node_1,140,38,39
899,Node_2,199,213,214
900,Node_0,157,115,116
900,Node_1,140,38,39
900,Node_2,199,213,214
901,Node_0,157,116,117
901,Node_1,140,39,40
901,Node_2,199,214,215
902,Node_0,157,116,117
902,Node_1,140,39,40
902,Node_2,199,214,215
903,Node_0,157,116,117
903,Node_1,140,39,40
903,Node_2,199,215,216
904,Node_0,157,117,118
904,Node_1,140,39,40
904,Node_2,199,215,216
905,Node_0,157,117,118
905,Node_1,140,39,40
905,Node_2,199,216,217
906,Node_0,157,117,118
906,Node_1,140,40,41
906,Node_2,199,216,217
907,Node_0,157,118,119
907,Node_1,140,40,41
907,Node_2,199,217,218
908,Node_0,157,118,119
908,Node_1,140,40,41
908,Node_2,199,217,218
909,Node_0,157,118,119
909,Node_1,140,40,41
909,Node_2,199,218,219
910,Node_0,157,119,120
910,Node_1,140,40,41
910,Node_2,199,218,219
911,Node_0,157,119,120
911,Node_1,140,41,42
911,Node_2,199,219,220
912,Node_0,157,119,120
912,Node_1,140,41,42
912,Node_2,199,219,220
913,Node_0,157,120,121
913,Node_1,140,41,42
913,Node_2,199,220,221
914,Node_0,157,120,121
914,Node_1,140,41,42
914,Node_2,199,220,221
915,Node_0,157,120,121
915,Node_1,140,41,42
915,Node_2,199,221,222
916,Node_0,157,121,122
916,Node_1,140,42,43
916,Node_2,199,221,222
917,Node_0,157,121,122
917,Node_1,140,42,43
917,Node_2,199,222,223
918,Node_0,157,121,122
918,Node_1,140,42,43
918,Node_2,199,222,223
919,Node_0,157,122,123
919,Node_1,140,42,43
919,Node_2,199,223,224
920,Node_0,157,122,123
920,Node_1,140,42,43
920,Node_2,199,223,224
921,Node_0,157,122,123
921,Node_1,140,43,44
921,Node_2,199,224,225
922,Node_0,157,123,124
922,Node_1,140,43,44
922,Node_2,199,224,225
923,Node_0,157,123,124
923,Node_1,140,43,44
923,Node_2,199,225,226
924,Node_0,157,123,124
924,Node_1,140,43,44
924,Node_2,199,225,226
925,Node_0,157,124,125
925,Node_1,140,43,44
925,Node_2,199,226,227
926,Node_0,157,124,125
926,Node_1,140,44,45
926,Node_2,199,226,227
927,Node_0,157,124,125
927,Node_1,140,44,45
927,Node_2,199,227,228
928,Node_0,157,125,126
928,Node_1,140,44,45
928,Node_2,199,227,228
929,Node_0,157,125,126
929,Node_1,140,44,45
929,Node_2,199,228,229
930,Node_0,157,125,126
930,Node_1,140,44,45
930,Node_2,199,228,229
931,Node_0,157,126,127
931,Node_1,140,45,46
931,Node_2,199,229,230
932,Node_0,157,126,127
932,Node_1,140,45,46
932,Node_2,199,229,230
933,Node_0,157,126,127
933,Node_1,140,45,46
933,Node_2,199,230,231
934,Node_0,157,127,128
934,Node_1,140,45,46
934,Node_2,199,230,231
935,Node_0,157,127,128
935,Node_1,140,45,46
935,Node_2,199,231,232
936,Node_0,157,127,128
936,Node_1,140,46,47
936,Node_2,199,231,232
937,Node_0,157,128,129
937,Node_1,140,46,47
937,Node_2,199,232,233
938,Node_0,157,128,129
938,Node_1,140,46,47
938,Node_2,199,232,233
939,Node_0,157,128,129
939,Node_1,140,46,47
939,Node_2,199,233,234
940,Node_0,157,129,130
940,Node_1,140,46,47
940,Node_2,199,233,234
941,Node_0,157,129,130
941,Node_1,140,47,48
941,Node_2,199,234,235
942,Node_0,157,129,130
942,Node_1,140,47,48
942,Node_2,199,234,235
943,Node_0,157,130,131
943,Node_1,140,47,48
943,Node_2,199,235,236
944,Node_0,157,130,131
944,Node_1,140,47,48
944,Node_2,199,235,236
945,Node_0,157,130,131
945,Node_1,140,47,48
945,Node_2,199,236,237
946,Node_0,157,131,132
946,Node_1,140,48,49
946,Node_2,199,236,237
947,Node_0,157,131,132
947,Node_1,140,48,49
947,Node_2,199,237,238
948,Node_0,157,131,132
948,Node_1,140,48,49
948,Node_2,199,237,238
949,Node_0,157,132,133
949,Node_1,140,48,49
949,Node_2,199,238,239
950,Node_0,157,132,133
950,Node_1,140,48,49
950,Node_2,199,238,239
951,Node_0,157,132,133
951,Node_1,140,49,50
951,Node_2,199,239,240
952,Node_0,157,133,134
952,Node_1,140,49,50
952,Node_2,199,239,240
953,Node_0,157,133,134
953,Node_1,140,49,50
953,Node_2,199,240,241
954,Node_0,157,133,134
954,Node_1,140,49,50
954,Node_2,199,240,241
955,Node_0,157,134,135
955,Node_1,140,49,50
955,Node_2,199,241,242
956,Node_0,157,134,135
956,Node_1,140,50,51
956,Node_2,199,241,242
957,Node_0,157,134,135
957,Node_1,140,50,51
957,Node_2,199,242,243
958,Node_0,157,135,136
958,Node_1,140,50,51
958,Node_2,199,242,243
959,Node_0,157,135,136
959,Node_1,140,50,51
959,Node_2,199,243,244
960,Node_0,157,135,136
960,Node_1,140,50,51
960,Node_2,199,243,244
961,Node_0,157,136,137
961,Node_1,140,51,52
961,Node_2,199,244,245
